{
  "project_info": {
    "project_number": "477514208422",
    "project_id": "trainfoodorderingapp-2eb5a",
    "storage_bucket": "trainfoodorderingapp-2eb5a.firebasestorage.app"
  },
  "client": [
    {
      "client_info": {
        "mobilesdk_app_id": "1:477514208422:android:eef09f36277b6b79035067",
        "android_client_info": {
          "package_name": "com.example.trainapp"
        }
      },
      "oauth_client": [],
      "api_key": [
        {
          "current_key": "AIzaSyDplm5-fJIe7ZIx9Fdp_87HHqYa3XiwOV4"
        }
      ],
      "services": {
        "appinvite_service": {
          "other_platform_oauth_client": []
        }
      }
    }
  ],
  "configuration_version": "1"
}